variant,accuracy_pct,file_size_mb,avg_inference_ms,total_params,nonzero_params,sparsity_pct,ram_mb
Baseline (float32),0.95,33.44043445587158,2.706370016094297,8765066,8765066,0.0,484.484375
Pruned (sparsity=30%),0.822,33.440388679504395,2.8056366567034274,8765066,8653961,1.3,520.609375
Pruned+Quantized (INT8),0.822,9.43047046661377,4.261391300242394,370816,259711,30.0,589.953125
"ONNX Quantized (INT8, onnxruntime)",0.95,0.003875732421875,3.2240316830575466,N/A,N/A,N/A,892.171875
