variant,accuracy_pct,file_size_mb,avg_inference_ms,total_params,nonzero_params,sparsity_pct,ram_mb
Baseline (float32),0.95,33.44043445587158,3.3294628700241446,8765066,8765066,0.0,483.609375
Pruned (sparsity=30%),0.822,33.440388679504395,3.2789908268023282,8765066,8653961,1.3,518.78125
Pruned+Quantized (INT8),0.822,9.43047046661377,4.32046880829148,370816,259711,30.0,588.203125
"ONNX Quantized (INT8, onnxruntime)",0.95,8.372069358825684,6.097063753986731,N/A,N/A,N/A,908.953125
