variant,accuracy_pct,file_size_mb,avg_inference_ms,total_params,nonzero_params,sparsity_pct,ram_mb
Baseline (float32),0.992,33.44043445587158,2.277013289567549,8765066,8765066,0.0,404.03125
Pruned (sparsity=30%),0.86,33.440388679504395,2.2780925725237466,8765066,8653961,1.3,293.4375
Pruned+Quantized (INT8),0.862,9.43047046661377,2.984007457853295,370816,259711,30.0,338.75
"ONNX Quantized (INT8, onnxruntime)",0.992,0.003875732421875,1.5825354188564233,N/A,N/A,N/A,745.578125
